steps,time,reward,delta,converged
1,0.004401359407211203,-13.799999999999942,0.5599999999999999,False
2,0.004745865747622702,-13.799999999999942,0,True
