steps,time,reward,delta,converged
1,0.01283136255960926,-13.799999999999942,0.385,False
2,0.013032001359704282,-13.799999999999942,0,True
