steps,time,reward,delta,converged
1,0.021912648425109538,-43.533333333333566,0.2333333333333334,False
2,0.020552959122577263,-43.533333333333566,0,True
