steps,time,reward,delta,converged
1,0.003856214266723368,-7.133333333333332,0.31666666666666665,False
2,0.0035445012627197594,-7.133333333333332,0,True
