steps,time,reward,delta,converged
1,0.007821034421681361,-43.533333333333566,0.7,False
2,0.008520272981627386,-43.533333333333566,0,True
