steps,time,reward,delta,converged
1,0.0012415627682003105,-7.133333333333332,0.7,False
2,0.0012330999716141378,-7.133333333333332,0,True
